,path,author,sex,birthday,header,created,sphere,genre_fi,type,topic,chronotop,style,audience_age,audience_level,audience_size,source,publication,publisher,publ_year,medium,subcorpus,tagging,words
0,post1950/fiction_mem/aksenov/krym,Василий Аксенов,муж,1932,Остров Крым (авторская редакция),1977-1979,художественная,фантастика,роман,,ирреальный мир,нейтральный,н-возраст,н-уровень,большая,"Аксенов В. П. Остров Крым. - М.: Эксмо, 2008",Аксенов В. П. Остров Крым,Эксмо,2008.0,книга,ПК письменных текстов,none,112241
1,post1950/fiction_mem/aksenov/strastj,Василий Аксенов,муж,1932,Таинственная страсть,2007,художественная,документальная проза,роман,,Россия/СССР: 1960-1980-е,нейтральный,н-возраст,н-уровень,большая,"Аксенов В. П. Таинственная страсть. Роман о шестидесятниках. М.: «Семь Дней», 2009",Аксенов В. П. Таинственная страсть. Роман о шестидесятниках,«Семь Дней»,2009.0,книга,ПК письменных текстов,none,133463
2,post1950/fiction_mem/aksenov/style,Василий Аксенов,муж,1932,Новый сладостный стиль,2005,художественная,нежанровая проза,роман,,Америка: современность|Ближний Восток: современность|Россия: постсоветский период,нейтральный,н-возраст,н-уровень,большая,"Аксенов Василий. Новый сладостный стиль. М.: Эксмо-Пресс, ИзографЪ. 1997",Аксенов Василий. Новый сладостный стиль,"Эксмо-Пресс, ИзографЪ",1997.0,книга,ПК письменных текстов,none,187941
3,post1950/fiction_mem/astafyev/car-ryba,Виктор Астафьев,муж,1924,Царь-рыба,1974,художественная,нежанровая проза,повесть|цикл,,Россия/СССР: советский период,нейтральный,н-возраст,н-уровень,большая,Астафьев Виктор. Царь-рыба // www.e-kniga.ru/Astafiev,"Астафьев В. П. Царь-рыба: Повествование в рассказах. - М.: Современник, 1982",Современник,1982.0,книга,ПК письменных текстов,none,100539
4,post1950/fiction_mem/astafyev/poklon,Виктор Астафьев,муж,1924,Последний поклон,1968-1991,художественная,нежанровая проза,повесть|рассказ|цикл,,Россия/СССР: 1960-1980-е,нейтральный,н-возраст,н-уровень,большая,"Собрание сочинений в пятнадцати томах. Том 5. Красноярск, Офсет, 1997 г.",Собрание сочинений в пятнадцати томах. Том 5,"Красноярск, «Офсет»",1997.0,книга,ПК письменных текстов,none,264887
5,post1950/fiction_mem/azarov/podozrevaemyj,Юрий Азаров,муж,1931,Подозреваемый,2002,художественная,нежанровая проза,роман,,Россия: постсоветский период,нейтральный,н-возраст,н-уровень,большая,"Юрий Азаров. Подозреваемый. М.: Вагриус, 2002",Юрий Азаров. Подозреваемый,Вагриус,2002.0,книга,ПК письменных текстов,none,120821
6,post1950/fiction_mem/baldin/mosk_prazd,Андрей Балдин,муж,1958,Московские праздные дни,1997,публицистика | нехудожественная,,эссе|цикл,культурология,,нейтральный,н-возраст,н-уровень,большая,"А. Н. Балдин. Московские праздные дни. - М.: «Астрель», 2010",А. Н. Балдин. Московские праздные дни,Астрель,2010.0,книга,ПК письменных текстов,none,114498
7,post1950/fiction_mem/berberova/iron_woman,Н. Н. Берберова,жен,1901,Железная женщина,1978-1980,художественная,документальная проза,роман,,Россия: 1-я пол. XX в,нейтральный,н-возраст,н-уровень,большая,"Н. Берберова. Железная женщина. - М.: Книжная палата, 1991",Н. Берберова. Желещная женщина,«Книжная палата»,1991.0,книга,ПК письменных текстов,none,135239
8,post1950/fiction_mem/berberova/kursiv_moy,Н. Н. Берберова,жен,1901,Курсив мой,1960-1966,художественная,документальная проза,роман,искусство и культура,Россия: 1-я пол. XX в,нейтральный,н-возраст,н-уровень,большая,"Н. Берберова. Курсив мой. Автобиография. М.: Согласие, 1996",Н. Берберова. Курсив мой. Автобиография,«Согласие»,1996.0,книга,ПК письменных текстов,none,191392
9,post1950/fiction_mem/bestemyanova/para_troe,Наталья Бестемьянова|Игорь Бобрин|Андрей Букин,жен|муж,1960|1953|1957-1958,"Пара, в которой трое",2000-2001,публицистика | нехудожественная,,мемуары,спорт,Россия/СССР: советский период,нейтральный,н-возраст,н-уровень,большая,"Наталья Бестемьянова, Игорь Бобрин, Андрей Букин. Пара, в которой трое. М.: Вагриус, 2001","Наталья Бестемьянова, Игорь Бобрин, Андрей Букин. Пара, в которой трое",Вагриус,2001.0,книга,ПК письменных текстов,none,114049
10,post1950/fiction_mem/bogomolov/bogov001,Владимир Богомолов,муж,1926,Момент истины (В августе сорок четвертого...),1973,художественная,нежанровая проза,роман,,Россия/СССР: 1941-1945,нейтральный,н-возраст,н-уровень,очень большая,http://text.net.ru http://textshare.da.ru http://textshare.tsx.org,Богомолов В. О. Избранное,М.: Дружба народов,1996.0,книга,ПК письменных текстов,none,116016
11,post1950/fiction_mem/bondarev/shore,Юрий Бондарев,муж,1924,Берег,1975,художественная,нежанровая проза,роман,,Европа: 1-я пол. XX в.|Европа: 2-я пол. XX в,нейтральный,н-возраст,н-уровень,очень большая,http://www.lib.ru/PROZA/BONDAREW/shore.txt,Бондарев Ю. Берег,Молодая гвардия,1972.0,книга,ПК письменных текстов,none,120812
12,post1950/fiction_mem/bondarev/sneg,Юрий Бондарев,муж,1924,Горячий снег,1969,художественная,нежанровая проза,повесть,,Россия/СССР: 1941-1945,нейтральный,н-возраст,н-уровень,очень большая,http://www.fictionbook.ru/ru/author/bondarev_yuriyi/goryachiyi_sneg/,Бондарев Ю. Горячий снег,Лениздат,1983.0,книга,ПК письменных текстов,none,104326
13,post1950/fiction_mem/bykov/orfogr,Дмитрий Быков,муж,1967,Орфография,2002,художественная,нежанровая проза,роман,,Россия: 1914-1920,нейтральный,н-возраст,н-уровень,большая,"Быков Д. «Орфография». ― М.: Вагриус, 2003",Быков Д. «Орфография»,Вагриус,2003.0,книга,ПК письменных текстов,none,187411
14,post1950/fiction_mem/danilyuk/biznes-klass,Семен Данилюк,муж,1951,Бизнес-класс,2003,художественная,"детектив, боевик",роман,,Россия: постсоветский период,сниженный,н-возраст,н-уровень,большая,"Семен Данилюк. Бизнес-класс. М.: Вагриус, 2003",Семен Данилюк. Бизнес-класс,Вагриус,2003.0,книга,ПК письменных текстов,none,101642
15,post1950/fiction_mem/danin/danin,Д. С. Данин,муж,1914,Нильс Бор,1969-1975,публицистика | нехудожественная,,биография,наука и технологии|физика,,нейтральный,н-возраст,н-уровень,большая,"Данин Д. С. Нильс Бор. - М.: «Молодая гвардия», 1978",Данин Д. С. Нильс Бор,«Молодая гвардия»,1978.0,книга,ПК письменных текстов,none,161269
16,post1950/fiction_mem/demidova/demido01,А. С. Демидова,жен,1936,Бегущая строка памяти,2000,публицистика | нехудожественная,,мемуары,искусство и культура|частная жизнь,Россия/СССР: 1960-1980|Россия/СССР: перестройка|Россия: постсоветский период,нейтральный,н-возраст,н-уровень,большая,http://az.lib.ru/o/ostrowskij_a_n/,"«Бегущая строка памяти», Москва, «Эксмо-Пресс», 2000",,2000.0,книга,ПК письменных текстов,none,118164
17,post1950/fiction_mem/dudincev/dudincev2,Владимир Дудинцев,муж,1918,Не хлебом единым,1956,художественная,нежанровая проза,роман,,Россия/СССР: 1950-е,нейтральный,н-возраст,н-уровень,большая,"Дудинцев В. Не хлебом единым. ― М.: Советский писатель, 1958",Дудинцев В. Не хлебом единым,«Советский писатель»,1957.0,книга,ПК письменных текстов,none,120973
18,post1950/fiction_mem/durnov/vrach,Лев Дурнов,муж,1931,Жизнь врача. Записки обыкновенного человека,2001,публицистика | нехудожественная,,мемуары,,Россия/СССР: советский период,нейтральный,н-возраст,н-уровень,большая,"Л. Дурнов. Жизнь врача. Записки обыкновенного человека. М.: Вагриус, 2001",Л. Дурнов. Жизнь врача. Записки обыкновенного человека,Вагриус,2001.0,книга,ПК письменных текстов,none,100264
19,post1950/fiction_mem/efremov/lezvie,И. А. Ефремов,муж,1908,Лезвие бритвы,1959-1963,художественная,фантастика,роман,,ирреальный мир,нейтральный,н-возраст,н-уровень,очень большая,http://russf.ru,,,,книга,ПК письменных текстов,none,189426
20,post1950/fiction_mem/efremov_i/chas,И. А. Ефремов,муж,1908,Час быка,1968-1969,художественная,фантастика,роман,,ирреальный мир,нейтральный,н-возраст,н-уровень,очень большая,http://bookZ.ru,,,,книга,ПК письменных текстов,none,124873
21,post1950/fiction_mem/german_y/dearmy,Юрий Герман,муж,1910,Дорогой мой человек,1961,художественная,нежанровая проза,роман,,Россия/СССР: советский период,нейтральный,н-возраст,н-уровень,очень большая,"Юрий Герман. Дорогой мой человек. М.: «Правда», 1990",Юрий Герман. Дорогой мой человек,«Правда»,1990.0,книга,ПК письменных текстов,none,168884
22,post1950/fiction_mem/ginzburg_e/ginsburg2,Е. С. Гинзбург,жен,1906,Крутой маршрут: Часть 2,1975-1977,публицистика | нехудожественная,,мемуары,,Россия/СССР: 1930-е|Россия/СССР: 1946-1952,нейтральный,н-возраст,н-уровень,большая,"Евгения Гинзбург. Крутой маршрут. ― М.: «Советский писатель», 1990",Евгения Гинзбург. Крутой маршрут,«Советский писатель»,1990.0,книга,ПК письменных текстов,none,153302
23,post1950/fiction_mem/gluxovsky/metro2033,Дмитрий Глуховский,муж,1979,Метро 2033,2005,художественная,фантастика,роман,,ирреальный мир,нейтральный,н-возраст,н-уровень,большая,"Д. Глуховский. Метро 2033. М.: Эксмо, 2005",Д. Глуховский. Метро 2033,Эксмо,2005.0,книга,ПК письменных текстов,none,156753
24,post1950/fiction_mem/golovanov/ostrov,Василий Голованов,муж,1960,"Остров, или оправдание бессмысленных путешествий",2002,публицистика | нехудожественная,,монография,путешествия,,нейтральный,н-возраст,н-уровень,большая,"Василий Голованов. Остров, или оправдание бессмысленных путешествий. М.: Вагриус, 2002","В. Голованов. Остров, или оправдание бессмысленных путешествий",Вагриус,2002.0,книга,ПК письменных текстов,none,129971
25,post1950/fiction_mem/granin/idu_na_grozu,Даниил Гранин,муж,1919,Иду на грозу,1962,художественная,нежанровая проза,роман,,Россия/СССР: 1950-е,нейтральный,н-возраст,н-уровень,большая,"Даниил Гранин. Иду на грозу. - М., «Молодая гвардия», 1966",Даниил Гранин. Иду на грозу,«Молодая гвардия»,1966.0,книга,ПК письменных текстов,none,100843
26,post1950/fiction_mem/granin/iskateli,Даниил Гранин,муж,1919,Искатели,1954,художественная,нежанровая проза,роман,,Россия/СССР: советский период,нейтральный,н-возраст,н-уровень,очень большая,"Даниил Гранин. Искатели. Л., Лениздат, 1979",Даниил Гранин. Искатели,Лениздат,1979.0,книга,ПК письменных текстов,none,118482
27,post1950/fiction_mem/gurchenko/gurchenko_appl,Людмила Гурченко,жен,1935,Аплодисменты,1994-2003,публицистика | нехудожественная,,мемуары,,Россия/СССР: советский период,нейтральный,н-возраст,н-уровень,большая,"Людмила Гурченко. Аплодисменты. ― М.: Вагриус, 2004",Людмила Гурченко. Аплодисменты,Вагриус,2004.0,книга,ПК письменных текстов,none,180893
28,post1950/fiction_mem/iskander/sandro01,Фазиль Искандер,муж,1929,Сандро из Чегема (Книга 1),1989,художественная,юмор и сатира,роман,,Россия/СССР: советский период,нейтральный,н-возраст,н-уровень,большая,"Ф. А. Искандер. «Сандро из Чегема». Кн. 1. М.: «Московский рабочий», 1989. «Общий текст» (TextShare) http://textshare.da.ru/",Ф. А. Искандер. «Сандро из Чегема». Кн. 1,«Московский рабочий»,1989.0,книга,ПК письменных текстов,none,143335
29,post1950/fiction_mem/iskander/sandro02,Фазиль Искандер,муж,1929,Сандро из Чегема (Книга 2),1989,художественная,юмор и сатира,роман,,Россия/СССР: советский период,нейтральный,н-возраст,н-уровень,большая,"Ф. А. Искандер. «Сандро из Чегема». Кн. 2. М.: «Московский рабочий», 1989. «Общий текст» (TextShare) http://textshare.da.ru/",Ф. А. Искандер. «Сандро из Чегема». Кн. 2,«Московский рабочий»,1989.0,книга,ПК письменных текстов,none,143420
30,post1950/fiction_mem/iskander/sandro03,Фазиль Искандер,муж,1929,Сандро из Чегема (Книга 3),1989,художественная,юмор и сатира,роман,,Россия/СССР: советский период,нейтральный,н-возраст,н-уровень,большая,"Ф. А. Искандер. «Сандро из Чегема». Кн. 3. М.: «Московский рабочий», 1989. «Общий текст» (TextShare) http://textshare.da.ru/",Ф. А. Искандер. «Сандро из Чегема». Кн. 3,«Московский рабочий»,1989.0,книга,ПК письменных текстов,none,136184
31,post1950/fiction_mem/kabo/rovesniki,Л. Р. Кабо,жен,1917,Ровесники Октября,"1964, 1997",художественная,документальная проза,роман,,Россия/СССР: советский период,нейтральный,н-возраст,н-уровень,большая,http://lit.lib.ru/k/kabo_l_r/rovesniki.shtml,,,,электронный текст,ПК письменных текстов,none,116959
32,post1950/fiction_mem/kaverin/otkr_kniga,В. А. Каверин,муж,1902,Открытая книга,1949-1956,художественная,нежанровая проза,роман,,Россия: 1-я пол. XX в,нейтральный,н-возраст,н-уровень,очень большая,"Каверин В. Открытая книга. М.: «Советская Россия» , 1969 belousenkolib.narod.ru",Каверин В. Открытая книга,«Советская Россия»,1969.0,книга,ПК письменных текстов,none,213886
33,post1950/fiction_mem/konetsky/zaboty,Виктор Конецкий,муж,1929,Вчерашние заботы,1979,художественная,документальная проза,повесть,,Россия/СССР: советский период,нейтральный,н-возраст,н-уровень,очень большая,"Конецкий В. Вчерашние заботы: Повесть-странствие. Л.: Советский писатель, 1990",Конецкий В. Начало конца комедии,Советский писатель,1990.0,книга,ПК письменных текстов,none,105291
34,post1950/fiction_mem/kornilov/kornil01,Владимир Корнилов,,,Демобилизация,1969-1971,художественная,нежанровая проза,роман,,Россия/СССР: советский период,нейтральный,н-возраст,н-уровень,большая,"Корнилов В. Демобилизация. Франкфурт-на-Майне: «Посев», 1976",Корнилов В. Демобилизация,«Посев»,1980.0,книга,ПК письменных текстов,none,144453
35,post1950/fiction_mem/kozhevnikov_v/sch_i_m1,Вадим Кожевников,муж,1909,Щит и меч. Книга первая,1968,художественная,приключения,роман,,Россия/СССР: 1941-1945,нейтральный,н-возраст,н-уровень,очень большая,"Вадим Кожевников. Щит и меч. ― М.: Советский писатель, 1968",Советский писатель,Советский писатель,1968.0,книга,ПК письменных текстов,none,138458
36,post1950/fiction_mem/kozhevnikov_v/sch_i_m2,Вадим Кожевников,муж,1909,Щит и меч. Книга вторая,1968,художественная,приключения,роман,,Россия/СССР: 1941-1945,нейтральный,н-возраст,н-уровень,очень большая,"Вадим Кожевников. Щит и меч. ― М.: Советский писатель, 1968",Советский писатель,Советский писатель,1968.0,книга,ПК письменных текстов,none,137907
37,post1950/fiction_mem/kucherskaya/tjotja_motja,Майя Кучерская,жен,1970,Тетя Мотя,2012,художественная,нежанровая проза,роман,,Россия: постсоветский период,нейтральный,н-возраст,н-уровень,большая,"М. Кучерская. Тетя Мотя. «Знамя», 2012 N7-8",«Знамя»,,2012.0,журнал,ПК письменных текстов,none,112580
38,post1950/fiction_mem/ladinsky/anna,А. П. Ладинский,муж,1895,Анна Ярославна ― королева Франции,1960,художественная,историческая проза,роман,,Средние века,нейтральный,н-возраст,н-уровень,большая,"Ладинский А. П. Когда пал Херсонес. Анна Ярославна — королева Франции. - Минск: «Наука и техника», 1989",Ладинский А. П. Когда пал Херсонес. Анна Ярославна — королева Франции,«Наука и техника»,1989.0,книга,ПК письменных текстов,none,117558
39,post1950/fiction_mem/ladinsky/karakalla,А. П. Ладинский,муж,1895,В дни Каракаллы,1959,художественная,историческая проза,роман,,античность,нейтральный,н-возраст,н-уровень,большая,"Ладинский А. П. В дни Каракаллы. ― Мн.: «Мастацкая литаратура», 1987",Ладинский А. П. В дни Каракаллы,«Мастацкая литаратура»,1987.0,книга,ПК письменных текстов,none,120037
40,post1950/fiction_mem/ladinsky/monomax,А. П. Ладинский,муж,1895,Последний путь Владимира Мономаха,1960,художественная,историческая проза,роман,,Средние века,нейтральный,н-возраст,н-уровень,большая,"Ладинский Антонин. Последний путь Владимира Мономаха. Минск: «Мастацкая литаратура», 1987",Ладинский Антонин. Последний путь Владимира Мономаха,«Мастацкая литаратура»,1987.0,книга,ПК письменных текстов,none,123032
41,post1950/fiction_mem/lasarchuk/posmotri,Андрей Лазарчук|Михаил Успенский,муж,1958,Посмотри в глаза чудовищ,1996,художественная,фантастика,роман,,ирреальный мир,нейтральный,н-возраст,н-уровень,очень большая,http://russf.ru,А. Лазарчук. Посмотри в глаза чудовищ,АСТ,1997.0,книга,ПК письменных текстов,none,140714
42,post1950/fiction_mem/lichutin/ljubostaj,Владимир Личутин,муж,1940,Любостай,1987,художественная,нежанровая проза,роман,,Россия/СССР: советский период,нейтральный,н-возраст,н-уровень,большая,"Личутин В. В. Любостай. М.: «Современник», 1990",Личутин В. В. Любостай,«Современник»,1990.0,книга,ПК письменных текстов,none,126227
43,post1950/fiction_mem/mamardashvili/kart,Мераб Мамардашвили,муж,1930,Картезианские размышления,1981-1993,учебно-научная | нехудожественная,,монография,наука и технологии|философия,,нейтральный,н-возраст,высокий,большая,Мамардашвили М. Картезианские размышления. ― М.: 1993,Мамардашвили М. Картезианские размышления,,1993.0,книга,ПК письменных текстов,none,104019
44,post1950/fiction_mem/marinina/platit,Александра Маринина,жен,1957,За все надо платить,1995,художественная,"детектив, боевик",роман,,Россия: постсоветский период,нейтральный,н-возраст,н-уровень,большая,"Александра Маринина. За все надо платить. М.: ЭКСМО, 2006",Александра Маринина. За все надо платить,ЭКСМО,2006.0,книга,ПК письменных текстов,none,116977
45,post1950/fiction_mem/marinina/masque,Александра Маринина,жен,1957,Чужая маска,1996,художественная,"детектив, боевик",роман,,Россия: постсоветский период,нейтральный,н-возраст,н-уровень,большая,"Александра Маринина. Чужая маска. М.: ЭКСМО, 2006",Александра Маринина. Чужая маска,ЭКСМО,2006.0,книга,ПК письменных текстов,none,110516
46,post1950/fiction_mem/marinina/palach,Александра Маринина,жен,1957,Не мешайте палачу,1996,художественная,"детектив, боевик",роман,,Россия: постсоветский период,нейтральный,н-возраст,н-уровень,большая,"Александра Маринина. Не мешайте палачу. М.: ЭКСМО, 1998",Александра Маринина. Не мешайте палачу,ЭКСМО,1998.0,книга,ПК письменных текстов,none,123774
47,post1950/fiction_mem/marinina/grex,Александра Маринина,жен,1957,Иллюзия греха,1996,художественная,"детектив, боевик",роман,,Россия: постсоветский период,нейтральный,н-возраст,н-уровень,большая,"Александра Маринина. Иллюзия греха. М.: ЭКСМО, 2007",Александра Маринина. Иллюзия греха,ЭКСМО,2007.0,книга,ПК письменных текстов,none,121490
48,post1950/fiction_mem/marinina/igry,Александра Маринина,жен,1957,Мужские игры,1997,художественная,"детектив, боевик",роман,,Россия: постсоветский период,нейтральный,н-возраст,н-уровень,большая,"Александра Маринина. Мужские игры. М.: ЭКСМО, 2006",Александра Маринина. Мужские игры,ЭКСМО,2006.0,книга,ПК письменных текстов,none,130885
49,post1950/fiction_mem/marinina/rassvet,Александра Маринина,жен,1957,Последний рассвет,2013,художественная,"детектив, боевик",роман,,Россия: постсоветский период,нейтральный,н-возраст,н-уровень,большая,"Александра Маринина. Последний рассвет. М.: ЭКСМО, 2013",Александра Маринина. Последний рассвет. Т. 1,ЭКСМО,2013.0,книга,ПК письменных текстов,none,107283
50,post1950/fiction_mem/medvedev/medvedev_stalin,Рой Медведев,муж,1925,О Сталине и сталинизме. Исторические очерки,1989,публицистика | нехудожественная,,очерк|цикл,политика и общественная жизнь|история,,нейтральный,н-возраст,н-уровень,большая,"«Знамя», №№ 1-4, 1989 http://www.belousenko.com",«Знамя»,,1989.0,журнал,ПК письменных текстов,none,100506
51,post1950/fiction_mem/nabokov/lolita,В. В. Набоков,муж,1899,Лолита,1967,художественная,нежанровая проза,роман,,Америка: 2-я пол. XX в,нейтральный,н-возраст,н-уровень,очень большая,"Владимир Набоков. Лолита.― М.: «Текст», 1998",Владимир Набоков. Лолита,«Текст»,1998.0,книга,ПК письменных текстов,none,102076
52,post1950/fiction_mem/okudzhava/diletanty,Булат Окуджава,муж,1924,Путешествие дилетантов (Из записок отставного поручика Амирана Амилахвари),1971-1977,художественная,историческая проза,роман,,Россия: XIX век,нейтральный,н-возраст,н-уровень,очень большая,"Окуджава Б. Ш. Путешествие дилетантов. М: «Современник», 1990",Окуджава Б. Ш. Путешествие дилетантов,«Современник»,1990.0,книга,ПК письменных текстов,none,164548
53,post1950/fiction_mem/orlov/altois01,Владимир Орлов,муж,1936,Альтист Данилов,1980,художественная,нежанровая проза,роман,,Россия/СССР: 1960-1980-е|ирреальный мир,нейтральный,н-возраст,н-уровень,очень большая,"Владимир Орлов. Альтист Данилов. М.: Советский писатель, 1981",Владимир Орлов. Альтист Данилов,Советский писатель,1981.0,книга,ПК письменных текстов,none,140496
54,post1950/fiction_mem/oseeva/dinka,Валентина Осеева,жен,1902,Динка,1959,художественная,детская,роман,,Россия: 1900-1914,нейтральный,подростковый,н-уровень,очень большая,"Осеева В. А. Динка. Л.: Лениздат, 1991",Осеева В. А. Динка,Лениздат,1991.0,книга,ПК письменных текстов,none,173643
55,post1950/fiction_mem/osipov/foma1,Сергей Осипов,муж,,Страсти по Фоме. Книга первая. Изгой,1998,художественная,нежанровая проза,роман,,Россия: постсоветский период|ирреальный мир,нейтральный,н-возраст,н-уровень,большая,"Сергей Осипов. Страсти по Фоме. М.: Вагриус, 2003",Сергей Осипов. Страсти по Фоме,Вагриус,2003.0,книга,ПК письменных текстов,none,141221
56,post1950/fiction_mem/osipov/foma3,Сергей Осипов,муж,,Страсти по Фоме. Книга третья. Книга Перемен,1998,художественная,нежанровая проза,роман,,Россия: постсоветский период|ирреальный мир,нейтральный,н-возраст,н-уровень,большая,"Сергей Осипов. Страсти по Фоме. М.: Вагриус, 2003",Сергей Осипов. Страсти по Фоме,Вагриус,2003.0,книга,ПК письменных текстов,none,107308
57,post1950/fiction_mem/parnov/gemma,Еремей Парнов,муж,1935,Александрийская гемма,1990,художественная,фантастика,роман,,ирреальный мир,нейтральный,н-возраст,н-уровень,очень большая,"Е. И. Парнов. Александрийская гемма. ― М.: Московский рабочий, 1992",Е. И. Парнов. Александрийская гемма,Московский рабочий,1992.0,книга,ПК письменных текстов,none,102964
58,post1950/fiction_mem/parnov/shiva,Еремей Парнов,муж,1935,Третий глаз Шивы,1985,художественная,фантастика,роман,,ирреальный мир,нейтральный,н-возраст,н-уровень,очень большая,"Е. И. Парнов. Третий глаз Шивы. - М.: Детская литература, 1985",Е. И. Парнов. Третий глаз Шивы,Детская литература,1985.0,книга,ПК письменных текстов,none,149621
59,post1950/fiction_mem/pelevin/pelevin_snuff,Виктор Пелевин,муж,1962,S.N.U.F.F,2011,художественная,фантастика,роман,,ирреальный мир,нейтральный,н-возраст,н-уровень,большая,"В. Пелевин. S.N.U.F.F. М.: ЭКСМО, 2012 lib.rus.ec",В. Пелевин. S.N.U.F.F,«Эксмо»,2012.0,книга,ПК письменных текстов,none,107068
60,post1950/fiction_mem/peskov/zemlja_oc,Василий Песков|Борис Стрельников,муж,1930|1923,Земля за океаном,1977,публицистика | нехудожественная,,монография,политика и общественная жизнь|путешествия,,нейтральный,н-возраст,н-уровень,большая,"Песков В. М., Стрельников Б. Г. Земля за океаном. ― М.: Молодая гвардия, 1977 - http://www.fictionbook.ru/author/peskov_vasiliyi_mihayilovich/zemlya_za_okeanom/peskov_zemlya_za_okeanom.xhtmll","Василий Песков, Борис Стрельников. Земля за океаном",Молодая гвардия,1977.0,книга,ПК письменных текстов,none,124599
61,post1950/fiction_mem/petrosjan/petrosjan_dom_v_kotorom,Мариам Петросян,жен,1969,"Дом, в котором...",2009,художественная,фантастика,роман,,ирреальный мир,нейтральный,н-возраст,н-уровень,большая,"Мариам Петросян. Дом, в котором… М.: «Гаятри», 2009 lib.rus.ec","Мариам Петросян. Дом, в котором…",«Гаятри»,2009.0,книга,ПК письменных текстов,none,231183
62,post1950/fiction_mem/rubanov/rub_sazhajte,Андрей Рубанов,муж,1969,"Сажайте, и вырастет",2005,художественная,документальная проза,роман,,Россия: постсоветский период,нейтральный,н-возраст,н-уровень,большая,"А. В. Рубанов. «Сажайте, и вырастет». СПб.―М. : «Лимбус Пресс», 2006","А. В. Рубанов. «Сажайте, и вырастет»",«Лимбус Пресс»,2006.0,книга,ПК письменных текстов,none,124403
63,post1950/fiction_mem/simonov_k/zhim1,Константин Симонов,муж,1915,Живые и мертвые,1955-1959,художественная,нежанровая проза,роман,,Россия/СССР: 1941-1945,нейтральный,н-возраст,н-уровень,очень большая,"К. Симонов. Живые и мертвые. ― М.: Художественая литература, 1989",К. Симонов. Живые и мертвые,Художественая литература,1989.0,книга,ПК письменных текстов,none,147783
64,post1950/fiction_mem/solzhenicyn/gulag1_2,А. И. Солженицын,муж,1918,Архипелаг ГУЛаг,1958-1973,публицистика | нехудожественная,,монография,политика и общественная жизнь,,нейтральный,н-возраст,н-уровень,очень большая,http://orel.rsl.ru,,,,книга,ПК письменных текстов,none,162656
65,post1950/fiction_mem/tarpishchev/match,Шамиль Тарпищев,муж,1948,Самый долгий матч,1999,публицистика | нехудожественная,,мемуары,спорт,Россия: постсоветский период,нейтральный,н-возраст,н-уровень,большая,"Шамиль Тарпищев. Самый долгий матч. М.: Вагриус, 1999",Ш. Тарпищев. Самый долгий матч,Вагриус,1999.0,книга,ПК письменных текстов,none,114811
66,post1950/fiction_mem/terexov/most,Александр Терехов,муж,1966,Каменный мост,1997-2008,художественная,нежанровая проза,роман,,Россия: постсоветский период|Россия/СССР: советский период,нейтральный,н-возраст,н-уровень,большая,"А. Терехов. Каменный мост. - М.: АСТ―Астрель, 2010",А. Терехов. Каменный мост,АСТ―Астрель,2009.0,книга,ПК письменных текстов,none,206978
67,post1950/fiction_mem/trifonov/neterpenie,Ю. В. Трифонов,муж,1925,Нетерпение,1973,художественная,документальная проза|историческая проза,роман,,Россия: XIX в,нейтральный,н-возраст,н-уровень,очень большая,"Трифонов Ю. В. Собр. соч.: В 4-х томах. Том третий. М., «Художественная литература», 1986",Трифонов Ю. В. Собр. соч.: В 4-х томах. Том третий,«Художественная литература»,1986.0,книга,ПК письменных текстов,none,126533
68,post1950/fiction_mem/trifonov/zhazhda,Юрий Трифонов,муж,1925,Утоление жажды,1959-1962,художественная,нежанровая проза,роман,,Россия/СССР: советский период,,н-возраст,н-уровень,большая,"Ю. В. Трифонов. Утоление жажды. М.: «Советский писатель», 1970",Ю. В. Трифонов. Утоление жажды,«Советский писатель»,1970.0,книга,ПК письменных текстов,none,106747
69,post1950/fiction_mem/vajnery/lekarstvo,"Аркадий Вайнер, Георгий Вайнер",муж,1931|1938,Лекарство против страха,1987,художественная,"детектив, боевик",роман,,Россия/СССР: советский период,нейтральный,н-возраст,н-уровень,очень большая,"Братья Вайнеры. Лекарство против страха. М.: «Советский писатель» , 1986",Братья Вайнеры. Лекарство против страха,«Советский писатель»,1986.0,книга,ПК письменных текстов,none,101543
70,post1950/fiction_mem/vesnik/daru,Евгений Весник,муж,1923,"Дарю, что помню",1997,публицистика | нехудожественная,,мемуары,,Россия/СССР: советский период,нейтральный,н-возраст,н-уровень,большая,"Евгений Весник. Дарю, что помню. М.: Вагриус, 1997","Евгений Весник. Дарю, что помню",Вагриус,1997.0,книга,ПК письменных текстов,none,106603
71,post1950/fiction_mem/vladimov/general,Г. Н. Владимов,муж,1931,Генерал и его армия,1994,художественная,нежанровая проза,роман,,Россия/СССР: 1941-1945,нейтральный,н-возраст,н-уровень,большая,"Владимов Г. Генерал и его армия. – М.: «Книжная палата», 1997 http://www.rmvoz.ru/lib/rossija_proza/vladimov/vladimov_generall",Владимов Г. Генерал и его армия,«Книжная палата»,1997.0,книга,ПК письменных текстов,none,124847
72,post1950/forum/eva_ru/142/142,,,,Беременность: Планирование беременности (форум),2005,электронная коммуникация | нехудожественная,,форум,частная жизнь,,нейтральный,н-возраст,н-уровень,средняя,http://www.eva.ru/static/forums/,Форум на eva.ru,,2005.0,электронный текст,ПК электронной коммуникации,none,111060
73,post1950/forum/eva_ru/33/33,,,,"Красота, здоровье, отдых: Красота (форум)",2005,электронная коммуникация | нехудожественная,,форум,частная жизнь,,нейтральный,н-возраст,н-уровень,средняя,http://www.eva.ru/static/forums/,Форум на eva.ru,,2005.0,электронный текст,ПК электронной коммуникации,none,114328
74,post1950/forum/eva_ru/41/41,,,,Женщина + мужчина: Секс (форум),2004,электронная коммуникация | нехудожественная,,форум,частная жизнь,,нейтральный,н-возраст,н-уровень,средняя,http://www.eva.ru/static/forums/,Форум на eva.ru,,2005.0,электронный текст,ПК электронной коммуникации,none,127382
75,post1950/forum/eva_ru/42/42,,,,Женщина + мужчина: Психология любви (форум),2004,электронная коммуникация | нехудожественная,,форум,частная жизнь,,нейтральный,н-возраст,н-уровень,средняя,http://www.eva.ru/static/forums/,Форум на eva.ru,,2005.0,электронный текст,ПК электронной коммуникации,none,139137
76,post1950/forum/eva_ru/49/49,,,,Женщина + мужчина: Брак (форум),2004,электронная коммуникация | нехудожественная,,форум,частная жизнь,,нейтральный,н-возраст,н-уровень,средняя,http://www.eva.ru/static/forums/,Форум на eva.ru,,2005.0,электронный текст,ПК электронной коммуникации,none,216815
77,post1950/forum/eva_ru/54/54,,,,Наши дети: Малыши до года (форум),2004,электронная коммуникация | нехудожественная,,форум,частная жизнь,,нейтральный,н-возраст,н-уровень,средняя,http://www.eva.ru/static/forums/,Форум на eva.ru,,2005.0,электронный текст,ПК электронной коммуникации,none,119807
78,post1950/minor_publ/admarg/proxanov,Александр Проханов,муж,1938,Господин Гексоген,2001,художественная,нежанровая проза,роман,,Россия: постсоветский период,нейтральный,взрослый,н-уровень,большая,"А. Проханов. Господин Гексоген. М.: Ad Marginem, 2001",А. Проханов. Господин Гексоген,Ad Marginem,2001.0,книга,ПК письменных текстов,none,127802
79,post1950/minor_publ/palmira/parma,Алексей Иванов,муж,1969,Сердце Пармы,2000,художественная,историческая проза,роман,,Россия: XV век|Азия: XV век,нейтральный,н-возраст,н-уровень,большая,"Иванов А. Сердце Пармы. ― М.: Пальмира, 2003",Иванов А. Сердце Пармы,Пальмира,2003.0,книга,ПК письменных текстов,none,123765
80,post1950/minor_publ/zven_agr/daniel,Юлий Даниэль,муж,1925,Письма из заключения,1966-1970,бытовая | нехудожественная,,письмо личное,частная жизнь,,нейтральный,н-возраст,н-уровень,малая,"Юлий Даниэль. «Я всё сбиваюсь на литературу…» Письма из заключения. Стихи. Общество «Мемориал». Издательство «Звенья». Москва, 2000",Юлий Даниэль. «Я всё сбиваюсь на литературу…» Письма из заключения. Стихи,«Звенья»,2000.0,книга,ПК письменных текстов,none,215980
81,post1950/nauka/art/yeremeeva/isk_rus,С. А. Еремеева,жен,,Лекции по русскому искусству,2000,учебно-научная | нехудожественная,,лекция|цикл,наука и технологии|искусствоведение,,нейтральный,н-возраст,н-уровень,средняя,http://vvvasilyev.narod.ru/hist-isk/,,,,электронный текст,ПК письменных текстов,none,143453
82,post1950/nauka/bio/anatomy,Рудольф Самусев|Юрий Селин,муж,1940-1950,Анатомия человека,2003,учебно-научная | нехудожественная,,учебник,наука и технологии|биология,,нейтральный,молодежный,н-уровень,большая,"Самусев Р. П., Селин Ю. Анатомия человека. М.: Мир и Образование, 2003","Самусев Р. П., Селин Ю. Анатомия человека. М.: Мир и Образование, 2003",Мир и Образование,2003.0,книга,ПК письменных текстов,none,114368
83,post1950/nauka/bio/zhiltsova/fauna,Л. Жильцова,жен,,Веснянки (plecoptera). Группа euholognatha,2003,учебно-научная | нехудожественная,,монография,наука и технологии|биология,,специальный,н-возраст,высокий,средняя,"Л. Жильцова. Веснянки (plecoptera). Группа euholognatha. СПб: СПИФ «Наука» РАН, 2003",Л. Жильцова. Веснянки (plecoptera). Группа euholognatha,СПИФ «Наука» РАН,2003.0,книга,ПК письменных текстов,none,193076
84,post1950/nauka/geology/speleo/ser1,Константин Серафимов,муж,1953,Экспедиция во мрак,1978-1996,публицистика | нехудожественная,,монография,спорт,Россия/СССР: перестройка,нейтральный,н-возраст,н-уровень,средняя,http://www.offtop.ru/vertlib/index.php?part=3,,,1994.0,книга,ПК письменных текстов,none,168916
85,post1950/nauka/history/bykov_i_derkach/knigavek,Владислав Быков|Ольга Деркач,муж|жен,,Книга века,2000,публицистика | нехудожественная,,монография,политика и общественная жизнь,,нейтральный,н-возраст,н-уровень,большая,"Быков В., Деркач В. В. Книга века. ― М.: Вагриус, 2001","Быков В., Деркач В. В. Книга века",Вагриус,2001.0,книга,ПК письменных текстов,none,199166
86,post1950/nauka/history/saveleva,И. М. Савельева|А. В. Полетаев,жен|муж,1940-1950,Знание о прошлом: теория и история. Том 1: Конструирование прошлого,2003,учебно-научная | нехудожественная,,монография,наука и технологии|история,,специальный,н-возраст,высокий,средняя,"Савельева И. М., Полетаев А. В. Знание о прошлом: теория и история. — Том 1: Конструирование прошлого. — СПб.: Наука, 2003","Савельева И. М., Полетаев А. В. Знание о прошлом: теория и история. — Том 1: Конструирование прошлого. — СПб.: Наука, 2003",СПб.: Наука,2003.0,книга,ПК письменных текстов,none,165202
87,post1950/nauka/lixachev/vospom01,Д. С. Лихачев,муж,1906,Воспоминания,1995,публицистика | нехудожественная,,мемуары,искусство и культура,,нейтральный,н-возраст,н-уровень,большая,"Лихачев Д. С. Воспоминания. — СПб. : Logos, 1995",Лихачев Д. С. Воспоминания,Logos,1995.0,книга,ПК письменных текстов,none,113003
88,post1950/nauka/pedagog/shabaeva/ist_ped,,,,История педагогики,1981,учебно-научная | нехудожественная,,учебник,наука и технологии|образование,,нейтральный,н-возраст,профессиональный,большая,История педагогики /Под. ред. М. Шабаевой. ―М.: 1981,История педагогики /Под. ред. М. Шабаевой,,1981.0,книга,ПК письменных текстов,none,118759
89,post1950/nauka/philol/gasparov/ziv,М. Л. Гаспаров,муж,1935,Записи и выписки,2001,публицистика | нехудожественная,,эссе,искусство и культура,,нейтральный,н-возраст,высокий,средняя,"М. Л. Гаспаров. Записи и выписки. М.: НЛО, 2001",М. Л. Гаспаров. Записи и выписки,НЛО,2001.0,книга,ПК письменных текстов,none,140286
90,post1950/nauka/philos/gorbachev/gorbachev,Владимир Горбачев,муж,1933,Концепции современного естествознания,2003,учебно-научная | нехудожественная,,учебник,наука и технологии|естествознание,,нейтральный,н-возраст,н-уровень,большая,"Горбачев В. В. Концепции современного естествознания. ― М.: Мир и Образование, 2003",Горбачев В. В. Концепции современного естествознания,Мир и Образование,2003.0,книга,ПК письменных текстов,none,154441
91,post1950/nauka/philos/pomeranz/pomerants_vosp,Г. С. Померанц,муж,1918,Записки гадкого утёнка,1998,публицистика | нехудожественная,,мемуары,политика и общественная жизнь,,нейтральный,н-возраст,н-уровень,большая,"Померанц Г. С. Записки гадкого утёнка. ― М. : Моск. рабочий, 1998",Померанц Г. С. Записки гадкого утёнка,Московский рабочий,1998.0,книга,ПК письменных текстов,none,127219
92,post1950/orth/men/fils,Александр Мень,муж,1935,Сын Человеческий,1969,церковно-богословская | нехудожественная,,монография,религия,,нейтральный,н-возраст,н-уровень,большая,Фонд Александра Меня,,,,книга,ПК письменных текстов,none,122226
93,post1950/orth/smirnov_d/prop1-3,Протоиерей Димитрий Смирнов,муж,1951,Проповеди,1984-1989,церковно-богословская | нехудожественная,,проповедь,религия,,нейтральный,н-возраст,н-уровень,большая,"Прот. Димитрий Смирнов. Проповеди. Кн. 1-3. М.: Сестричество во имя преподобномученицы великой княгини Елизаветы, 2001. Интернет-издание Вэб-Центра «Омега». М., 2002 http://www.smolenskaya-fili.ru/library/discussions-sermons-expoundings/80-o-demitrii-smirnov",Прот. Димитрий Смирнов. Проповеди,Сестричество во имя преподобномученицы великой княгини Елизаветы,2001.0,книга,ПК письменных текстов,none,158094
94,post1950/vagr/masslit/belozerov/roskosh,Андрей Белозеров,муж,,Чайка,2001,художественная,"детектив, боевик",роман,,Россия: постсоветский период,нейтральный,н-возраст,н-уровень,большая,"Андрей Белозеров. Чайка. М.: Вагриус, 2001",Андрей Белозеров. Чайка,Вагриус,2001.0,книга,ПК письменных текстов,none,100457
95,post1950/vagr/masslit/gordeevy/umrem,Елена и Валерий Гордеевы,жен|муж,,Не все мы умрем,2002,художественная,"детектив, боевик",роман,,Россия: постсоветский период,нейтральный,н-возраст,н-уровень,большая,"Елена и Валерий Гордеевы. Не все мы умрем. М.: Вагриус, 2002",Елена и Валерий Гордеевы. Не все мы умрем,Вагриус,2002.0,книга,ПК письменных текстов,none,103239
96,post1950/vagr/masslit/mjasnikov/vodka,Виктор Мясников,муж,1956,Водка,2000,художественная,"детектив, боевик",роман,,Россия: постсоветский период,нейтральный,н-возраст,н-уровень,большая,"Виктор Мясников. Водка. М.: Вагриус, 2000",Виктор Мясников. Водка,Вагриус,2000.0,книга,ПК письменных текстов,none,105856
97,post1950/vagr/masslit/romanov/parlament,Сергей Романов,муж,1956,Парламент,2000,художественная,"детектив, боевик",роман,,Россия: постсоветский период,нейтральный,н-возраст,н-уровень,большая,"Сергей Романов. Парламент. М.: Вагриус, 2000",Сергей Романов. Парламент,Вагриус,2000.0,книга,ПК письменных текстов,none,100313
98,post1950/vagr/masslit/skvorcov/kvartet,Валериан Скворцов,муж,1935,Сингапурский квартет,2001,художественная,"детектив, боевик",роман,,Россия: постсоветский период,нейтральный,н-возраст,н-уровень,большая,"Валериан Скворцов. Сингапурский квартет. М.: Вагриус, 2001",Валериан Скворцов. Сингапурский квартет,Вагриус,2001.0,книга,ПК письменных текстов,none,109765
99,post1950/vagr/mem/evtushenko/pasport,Евгений Евтушенко,муж,1933,«Волчий паспорт»,1999,публицистика | нехудожественная,,мемуары,,Россия/СССР: советский период,нейтральный,н-возраст,н-уровень,большая,"Евгений Евтушенко. Волчий паспорт. М.: Вагриус, 1999",Евгений Евтушенко. Волчий паспорт,Вагриус,1999.0,книга,ПК письменных текстов,none,152059
100,post1950/vagr/mem/gorodnicky/nadezhda,Александр Городницкий,муж,1933,«И жить еще надежде»,2001,публицистика | нехудожественная,,мемуары,,Россия/СССР: советский период,нейтральный,н-возраст,н-уровень,большая,"Александр Городницкий. И жить еще надежде. М.: Вагриус, 2001",Александр Городницкий. И жить еще надежде,Вагриус,2001.0,книга,ПК письменных текстов,none,216615
101,post1950/vagr/mem/mikoyan/takbylo,Анастас Микоян,муж,1895,Так было,1971-1974,публицистика | нехудожественная,,мемуары,,Россия/СССР: советский период,нейтральный,н-возраст,н-уровень,большая,"Анастас Микоян. Так было. М.: Вагриус, 1999",Анастас Микоян. Так было,Вагриус,1999.0,книга,ПК письменных текстов,none,212120
102,post1950/vagr/mem/okunevskaya/tatyanin,Татьяна Окуневская,жен,1914,Татьянин день,1998,публицистика | нехудожественная,,мемуары,,Россия/СССР: советский период,нейтральный,н-возраст,н-уровень,большая,"Татьяна Окуневская. Татьянин день. М.: Вагриус, 1998",Татьяна Окуневская. Татьянин день,Вагриус,1998.0,книга,ПК письменных текстов,none,140992
103,post1950/vagr/mem/rozov/udivlenie,Виктор Розов,муж,1913,Удивление перед жизнью,1960-2000,публицистика | нехудожественная,,мемуары,,Россия/СССР: советский период|Россия: постсоветский период,нейтральный,н-возраст,н-уровень,большая,"Виктор Розов. Удивление перед жизнью. М.: Вагриус, 2000",Виктор Розов. Удивление перед жизнью,Вагриус,2000.0,книга,ПК письменных текстов,none,159388
104,post1950/vagr/nd/efimov/desyat,Борис Ефимов,муж,1900,Десять десятилетий,2000,публицистика | нехудожественная,,мемуары,,Россия/СССР: 1-я пол. XX в.|Россия/СССР: советский период|Россия: постсоветский период,нейтральный,н-возраст,н-уровень,большая,"Борис Ефимов. Десять десятилетий. М.: Вагриус, 2000",Б. Ефимов. Десять десятилетий,Вагриус,2000.0,книга,ПК письменных текстов,none,184108
105,post1950/vagr/nd/pilyavskaya/grust,Софья Пилявская,жен,1911,Грустная книга,2000,публицистика | нехудожественная,,мемуары,,Россия: 1-я пол. XX в,нейтральный,н-возраст,н-уровень,большая,"Софья Пилявская. Грустная книга. М.: Вагриус, 2001",С. Пилявская. Грустная книга,Вагриус,2001.0,книга,ПК письменных текстов,none,109010
106,post1950/vagr/nd/zinovyev/sudba,Александр Зиновьев,муж,1922,"Русская судьба, исповедь отщепенца",1988-1998,публицистика | нехудожественная,,мемуары,,Россия/СССР: советский период|Россия: постсоветский период,нейтральный,н-возраст,н-уровень,большая,"А. А. Зиновьев. Русская судьба, исповедь отщепенца. М.: Центрполиграф, 1999","А. А. Зиновьев. Русская судьба, исповедь отщепенца",Центрполиграф,1999.0,книга,ПК письменных текстов,none,142949
107,post1950/vagr/poteri/efros/profession,Анатолий Эфрос,муж,1925,Профессия: режиссер,1975-1987,публицистика | нехудожественная,,мемуары|эссе,,Россия/СССР: 1960-1980-е,нейтральный,н-возраст,н-уровень,большая,"Анатолий Эфрос. Професия: режиссер. - М.: Вагриус, 2001",Анатолий Эфрос. Професия: режиссер,Вагриус,2001.0,книга,ПК письменных текстов,none,189981
108,post1950/vagr/poteri/ryazanov/podveden,Эльдар Рязанов,муж,1927,Подведенные итоги,2000,публицистика | нехудожественная,,мемуары,,Россия/СССР: советский период|Россия: постсоветский период,нейтральный,н-возраст,н-уровень,большая,"Рязанов Э., Брагинский Э. Тихие омуты. ― М.: Вагриус, 1999",Эльдар Рязанов. Подведенные итоги,Вагриус,2000.0,книга,ПК письменных текстов,none,189634
109,post1950/vagr/tarasova/krasa,Татьяна Тарасова|Виталий Мелик-Карамов,жен|муж,1947,Красавица и чудовище,1984-2001,публицистика | нехудожественная,,мемуары,,Россия/СССР: советский период|Россия: постсоветский период,нейтральный,н-возраст,н-уровень,большая,"Татьяна Тарасова. Красавица и чудовище. ― М.: Вагриус, 2001",Татьяна Тарасова. Красавица и чудовище,Вагриус,2001.0,книга,ПК письменных текстов,none,131839
110,post1950/vagr/vagr1/amosov/golosa,Николай Амосов,муж,1913,Голоса времен,1999,публицистика | нехудожественная,,автобиография,,Россия/СССР: советский период|Россия: постсоветский период,нейтральный,н-возраст,н-уровень,большая,"Николай Амосов. Голоса времён. М.: Вагриус, 1999",Николай Амосов. «Голоса времён»,Вагриус,1999.0,книга,ПК письменных текстов,none,127416
111,post1950/vagr/vagr1/baklanov/zhizn,Г. Я. Бакланов,муж,1923,"Жизнь, подаренная дважды",1999,публицистика | нехудожественная,,мемуары,,Россия/СССР: советский период|Россия: постсоветский период,нейтральный,н-возраст,н-уровень,большая,"Григорий Бакланов. Жизнь, подаренная дважды. М.: Вагриус, 1999","Григорий Бакланов. Жизнь, подаренная дважды",Вагриус,1999.0,книга,ПК письменных текстов,none,144467
112,post1950/vagr/vagr1/fetisov/overtime,Вячеслав Фетисов,муж,1958,Овертайм,1997,публицистика | нехудожественная,,мемуары,,Россия/СССР: 1960-1980-е|Россия: постсоветский период,нейтральный,н-возраст,н-уровень,большая,"Вячеслав Фетисов. Овертайм. М.: Вагриус, 1997",Вячеслав Фетисов. «Овертайм»,Вагриус,1997.0,книга,ПК письменных текстов,none,104026
113,post1950/vagr/vagr1/vasilyev/vsl_tom2,Борис Васильев,муж,1924,Были и небыли. Книга 1,1988,художественная,историческая проза,роман,,Россия: XIX век,нейтральный,н-возраст,н-уровень,большая,"Васильев Б. Были и небыли. Кн. 1. ― М.: Вагриус, 1999",Васильев Б. Были и небыли,Вагриус,1999.0,книга,ПК письменных текстов,none,162983
114,post1950/vagr/vagr1/vasilyev/vsl_tom3,Борис Васильев,муж,1924,Были и небыли. Книга 2,1988,художественная,историческая проза,роман,,Россия: XIX век,нейтральный,н-возраст,н-уровень,большая,"Васильев Б. Были и небыли. Кн. 2. ― М.: Вагриус, 1999",Васильев Б. Были и небыли,Вагриус,1999.0,книга,ПК письменных текстов,none,122428
115,post1950/vagr/vagr2/sharov/voskresh,Владимир Шаров,муж,1952,Воскрешение Лазаря,1997-2002,художественная,нежанровая проза,роман,,Россия/СССР: советский период,нейтральный,н-возраст,н-уровень,большая,"Владимир Шаров. Воскрешение Лазаря. М.: Вагриус, 2002",Владимир Шаров. Воскрешение Лазаря,Вагриус,2002.0,книга,ПК письменных текстов,none,115763
116,post1950/vagr/vagr2/slipenchuk/zinziver,Виктор Слипенчук,муж,1941,Зинзивер,2001,художественная,нежанровая проза,роман,,Россия: постсоветский период,нейтральный,н-возраст,н-уровень,большая,"Виктор Слипенчук. Зинзивер. М.: Вагриус, 2001",Виктор Слипенчук. Зинзивер,Вагриус,2001.0,книга,ПК письменных текстов,none,103013
117,post1950/vagr/vagr2/vojnovich/chonkin,Владимир Войнович,муж,1932,Жизнь и необычайные приключения солдата Ивана Чонкина,1969-1975,художественная,нежанровая проза,роман,,Россия/СССР: 1941-1945,нейтральный,н-возраст,н-уровень,очень большая,"Владимир Войнович. Жизнь и приключения солдата Чонкина. ― М.: Вагриус, 2000",Владимир Войнович. Жизнь и приключения солдата Чонкина,Вагриус,2000.0,книга,ПК письменных текстов,none,148444
118,post1950/vagr/vagr3/agranovsky/vtoraya_drevn,Валерий Аграновский,муж,1929,Вторая древнейшая. Беседы о журналистике,1976-1999,публицистика | нехудожественная,,монография,искусство и культура,,нейтральный,н-возраст,н-уровень,большая,"Валерий Аграновский. Вторая древнейшая. Беседы о журналистике. М.: Вагриус, 1999",В. Аграновский. Вторая древнейшая. Беседы о журналистике,Вагриус,1999.0,книга,ПК письменных текстов,none,114425
119,post1950/vagr/vagr3/shahidzhanyan/1001_1,Владимир Шахиджанян,муж,1940,1001 вопрос про ЭТО (№№ 1-500),1999,учебно-научная | нехудожественная,,учебное пособие,здоровье и медицина,,нейтральный,н-возраст,н-уровень,большая,"Владимир Шахиджанян. 1001 вопрос про ЭТО. М.: Вагриус, 1999",1001 вопрос про ЭТО,Вагриус,1999.0,книга,ПК письменных текстов,none,155055
120,post1950/vagr/vagr3/shahidzhanyan/1001_2,Владимир Шахиджанян,муж,1940,1001 вопрос про ЭТО (№№ 501-1001),1999,учебно-научная | нехудожественная,,учебное пособие,здоровье и медицина,,нейтральный,н-возраст,н-уровень,большая,"Владимир Шахиджанян. 1001 вопрос про ЭТО. М.: Вагриус, 1999",1001 вопрос про ЭТО,Вагриус,1999.0,книга,ПК письменных текстов,none,141329
121,post1950/vagr/vagr3/vanshenkin/pisatelsk_klub,Константин Ваншенкин,муж,1925,Писательский клуб,1998,публицистика | нехудожественная,,мемуары,,Россия/СССР: советский период,нейтральный,н-возраст,н-уровень,большая,"Константин Ваншенкин. Писательский клуб. М.: Вагриус, 1998",Ваншенкин К. Писательский клуб,Вагриус,1998.0,книга,ПК письменных текстов,none,120799
122,post1950/vagr/vagr3/voznesensky/virtual,Андрей Вознесенский,муж,1933,На виртуальном ветру,1998,публицистика | нехудожественная,,мемуары,,Россия/СССР: советский период,нейтральный,н-возраст,н-уровень,большая,"Андрей Вознесенский. На виртуальном ветру. М.: Вагриус, 1998",Андрей Вознесенский. На виртуальном ветру,Вагриус,1998.0,книга,ПК письменных текстов,none,105886
123,post1950/vagr/vagr4/arbatov/chelovek,Георгий Арбатов,муж,1923,Человек Системы,2002,публицистика | нехудожественная,,мемуары,,Россия/СССР: советский период|Россия: постсоветский период,нейтральный,н-возраст,н-уровень,большая,"Георгий Арбатов. Человек Системы. ― М.: «Вагриус», 2002",Георгий Арбатов. Человек Системы,Вагриус,2002.0,книга,ПК письменных текстов,none,120016
124,post1950/vagr/vagr4/baranec/genstab1,Виктор Баранец,муж,1945-1950,Генштаб без тайн. Книга 1,1999,публицистика | нехудожественная,,мемуары,,Россия: постсоветский период,нейтральный,н-возраст,н-уровень,большая,"Виктор Баранец. Генштаб без тайн. Книга 1. «Вагриус», 1999",Виктор Баранец. Генштаб без тайн. Книга 1,Вагриус,1999.0,книга,ПК письменных текстов,none,130495
125,post1950/vagr/vagr4/baranec/genstab2,Виктор Баранец,муж,1945-1950,Генштаб без тайн. Книга 2,1999,публицистика | нехудожественная,,мемуары,,Россия/СССР: советский период|Россия: постсоветский период,нейтральный,н-возраст,н-уровень,большая,"Виктор Баранец. Генштаб без тайн. Книга 2. «Вагриус», 1999",Виктор Баранец. Генштаб без тайн. Книга 2,Вагриус,1999.0,книга,ПК письменных текстов,none,128401
126,post1950/vagr/vagr4/berezhkov/stalin,Валентин Бережков,муж,1916,Рядом со Сталиным,1971-1998,публицистика | нехудожественная,,мемуары,,Россия: постсоветский период,нейтральный,н-возраст,н-уровень,большая,"Валентин Бережков. Рядом со Сталиным. ― М.: «Вагриус», 1999",Валентин Бережков. Рядом со Сталиным,Вагриус,1999.0,книга,ПК письменных текстов,none,125777
127,post1950/vagr/vagr4/kozakov/akter,Михаил Козаков,муж,1934,Актерская книга,1978-1995,публицистика | нехудожественная,,мемуары,,Россия/СССР: советский период|Россия: постсоветский период,нейтральный,н-возраст,н-уровень,большая,"Михаил Козаков. Актерская книга. ― М.: «Вагриус», 1998",Михаил Козаков. Актерская книга,Вагриус,1998.0,книга,ПК письменных текстов,none,158111
128,post1950/vagr/vagr4/kozlov/kozel,Алексей Козлов,муж,1935,Козел на саксе,1998,публицистика | нехудожественная,,мемуары,,Россия/СССР: советский период|Россия: постсоветский период,нейтральный,н-возраст,н-уровень,большая,"А. С. Козлов. Козел на саксе. ― М.: «Вагриус», 1998",А. С. Козлов. Козел на саксе,Вагриус,1998.0,книга,ПК письменных текстов,none,125636
129,post1950/vagr/vagr4/lazarchuk/vsespos,Андрей Лазарчук,муж,1958,"Все, способные держать оружие...",1995,художественная,фантастика,роман,,ирреальный мир,нейтральный,н-возраст,н-уровень,большая,"Лазарчук А. Все, способные держать оружие… ― М.: Вагриус, 2000","Лазарчук А. Все, способные держать оружие…",Вагриус,2000.0,книга,ПК письменных текстов,none,123506
130,post1950/vagr/vagr4/makanin/andegrau,Владимир Маканин,муж,1937,"Андеграунд, или герой нашего времени",1996-1997,художественная,нежанровая проза,роман,,Россия: постсоветский период,нейтральный,н-возраст,н-уровень,большая,"Маканин В. Андеграунд, или герой нашего времени. ― М.: Вагриус, 1999","Маканин В. Андеграунд, или герой нашего времени",Вагриус,1999.0,книга,ПК письменных текстов,none,158165
131,post1950/vagr/vagr4/slavnikova/strekoza,Ольга Славникова,жен,1957,"Стрекоза, увеличенная до размеров собаки",1995-1999,художественная,нежанровая проза,роман,,Россия/СССР: советский период|ирреальный мир,нейтральный,н-возраст,н-уровень,большая,"Славникова О. Стрекоза, увеличенная до размеров собаки. ― М.: Вагриус, 1999","Славникова О. Стрекоза, увеличенная до размеров собаки",Вагриус,1999.0,книга,ПК письменных текстов,none,148189
132,post1950/vagr/vagr4/smexov/teatr,Вениамин Смехов,муж,1940,Театр моей памяти,2001,публицистика | нехудожественная,,мемуары,,Россия/СССР: советский период,нейтральный,н-возраст,н-уровень,большая,"Вениамин Смехов. Театр моей памяти. «Вагриус», 2001",Вениамин Смехов. Театр моей памяти,Вагриус,2001.0,книга,ПК письменных текстов,none,127718
133,post1950/vagr/vagr4/utesov/serdce,Леонид Утесов,муж,1895,"«Спасибо, сердце!»",1982,публицистика | нехудожественная,,мемуары,,Россия/СССР: советский период|Россия: постсоветский период,нейтральный,н-возраст,н-уровень,большая,"Леонид Утёсов. Спасибо, сердце! ― М.: «Вагриус», 1999","Леонид Утёсов. Спасибо, сердце!",Вагриус,1999.0,книга,ПК письменных текстов,none,100862
134,post1950/vagr/vagr4/xrushchev/vospom,Никита Хрущев,муж,1894,Воспоминания,1971,публицистика | нехудожественная,,мемуары,,Россия/СССР: советский период,нейтральный,н-возраст,н-уровень,большая,"Никита Хрущев. Воспоминания. ― М.: «Вагриус», 1998",Никита Хрущев. Воспоминания,Вагриус,1998.0,книга,ПК письменных текстов,none,187946
135,post1950/vagr/vagr5/arxangelsk/alexi_01,Александр Архангельский,муж,1962,Александр I,2000,публицистика | нехудожественная,,монография,наука и технологии|история,Россия: XVIII век,нейтральный,н-возраст,н-уровень,большая,"Архангельский А. Александр I. - М.: Вагриус, 2000",Александр Архангельский «Александр I»,Вагриус,2000.0,книга,ПК письменных текстов,none,134999
136,post1950/vagr/vagr5/babajan_serg/rotmistr,Сергей Бабаян,муж,1958,Ротмистр Неженцев,1995-1996,художественная,историческая проза,роман,,Россия: 1914-1920,нейтральный,н-возраст,н-уровень,большая,"Бабаян С. Ротмистр Неженцев. ― М.: Вагриус, 2004",Сергей Бабаян «Ротмистр Неженцев»,Вагриус,2004.0,книга,ПК письменных текстов,none,151161
137,post1950/vagr/vagr5/bezelansk/vsadax,Юрий Безелянский,муж,1932,В садах любви,1993,публицистика | нехудожественная,,эссе,частная жизнь,,нейтральный,н-возраст,н-уровень,большая,"Юрий Безелянский «В садах любви. Хроника встреч и разлук». ― М.: Вагриус, 2002",Юрий Безелянский «В садах любви. Хроника встреч и разлук»,Вагриус,2002.0,книга,ПК письменных текстов,none,133486
138,post1950/vagr/vagr6/jakovlev/omut1,Александр Яковлев,муж,1923,Омут памяти. Т.1,2001,публицистика | нехудожественная,,монография,политика и общественная жизнь,,нейтральный,н-возраст,н-уровень,большая,"Александр Яковлев. Омут памяти. В 2-х томах. Т.1. М.: Вагриус, 2001",Александр Яковлев. Омут памяти. В 2-х томах. Т.1,Вагриус,2001.0,книга,ПК письменных текстов,none,178666
139,post1950/vagr/vagr6/jakovlev/omut2,Александр Яковлев,муж,1923,Омут памяти. Т.2,2001,публицистика | нехудожественная,,монография,политика и общественная жизнь,,нейтральный,н-возраст,н-уровень,большая,"Александр Яковлев. Омут памяти. В 2-х томах. Т.2. М.: Вагриус, 2001",Александр Яковлев. Омут памяти. В 2-х томах. Т.2,Вагриус,2001.0,книга,ПК письменных текстов,none,131997
140,post1950/vagr/vagr6/samoilov/pam_zap,Давид Самойлов,муж,1920,Общий дневник,1977-1989,публицистика | нехудожественная,,"дневник, записные книжки",,Россия/СССР: 1960-1980-е|Россия/СССР: перестройка,нейтральный,н-возраст,н-уровень,большая,"Давид Самойлов. «Перебирая наши даты...». М.: Вагриус, 2001",Давид Самойлов. «Перебирая наши даты...»,Вагриус,2001.0,книга,ПК письменных текстов,none,125948
141,post1950/vagr/vagr6/volkov/pogruzh,О. В. Волков,муж,1900,Из воспоминаний старого тенишевца,1988,публицистика | нехудожественная,,мемуары,,Россия: 1914-1920,нейтральный,н-возраст,н-уровень,большая,"Олег Волков. Погружение во тьму. М.: Вагриус, 2001","Олег Волков. Погружение во тьму. М.: Вагриус, 2001",Вагриус,2001.0,книга,ПК письменных текстов,none,136647
142,post1950/vagr/vagr7/klimontovich/dalee-vezde,Николай Климонтович,муж,1951,Далее ― везде,2001,художественная,нежанровая проза,роман,,Россия/СССР: 1960-1980-е,нейтральный,н-возраст,н-уровень,большая,"Николай Климонтович. Далее ― везде. ― М.: Вагриус, 2002",Николай Климонтович. Далее ― везде,Вагриус,2002.0,книга,ПК письменных текстов,none,105756
143,post1950/vagr/vagr7/tarasov/millioner,Артем Тарасов,муж,1950,Миллионер,2004,публицистика | нехудожественная,,мемуары,,Россия: постсоветский период,нейтральный,н-возраст,н-уровень,большая,"Артем Тарасов. Миллионер. - М.: Вагриус, 2004",Артем Тарасов. Миллионер,Вагриус,2004.0,книга,ПК письменных текстов,none,176930
144,post1950/vagr/vagr8/davydov/teatr,Владлен Давыдов,муж,1924,Театр моей мечты,2004,публицистика | нехудожественная,,мемуары,искусство и культура,Россия/СССР: советский период,нейтральный,н-возраст,н-уровень,большая,"Владлен Давыдов. Театр моей мечты. ― М.: Вагриус, 2004",Владлен Давыдов. Театр моей мечты,Вагриус,2004.0,книга,ПК письменных текстов,none,127466
145,post1950/vagr/vagr8/gorelik/saharov,Геннадий Горелик,муж,1945-1950,Андрей Сахаров. Наука и свобода,2004,учебно-научная | нехудожественная,,монография,наука и технологии|физика|политика и общественная жизнь,,нейтральный,н-возраст,н-уровень,большая,"Горелик Г. Андрей Сахаров. Наука и свобода. М.: Вагриус, 2004",Горелик Г. Андрей Сахаров. Наука и свобода,Вагриус,2004.0,книга,ПК письменных текстов,none,143031
146,post1950/vagr/vagr8/vishnevetskaja/vyshmes,Марина Вишневецкая,жен,1955,Вышел месяц из тумана,1997,художественная,нежанровая проза,повесть|рассказ,,Россия: постсоветский период,нейтральный,н-возраст,н-уровень,большая,"Марина Вышневецкая. Вышел месяц из тумана. ― М.: Вагриус, 1998",Марина Вышневецкая. Вышел месяц из тумана,Вагриус,1998.0,книга,ПК письменных текстов,none,106686
147,post1950/vagr/vagr8/vladimov/tri_min,Георгий Владимов,муж,1931,Три минуты молчания,1969,художественная,нежанровая проза,роман,,Россия/СССР: 1960-1980-е,нейтральный,н-возраст,н-уровень,большая,"Георгий Владимов. Три минуты молчания. М.: Вагриус, 2004",Георгий Владимов. Три минуты молчания,Вагриус,2004.0,книга,ПК письменных текстов,none,113371
148,post1950/zakharov/xx/annenkov/ann_dn,Ю. П. Анненков,муж,1889,Дневник моих встреч,1966,публицистика | нехудожественная,,мемуары,,Россия: 1-я пол. XX в,нейтральный,н-возраст,н-уровень,большая,"Юрий Анненков. Дневник моих встреч. М.: Захаров, 2001",Юрий Анненков. Дневник моих встреч,Захаров,2001.0,книга,ПК письменных текстов,none,150090
149,post1950/zakharov/xx/bovin/5let,Александр Бовин,муж,1930,"Пять лет среди евреев и мидовцев, или Израиль из окна российского посольства",1999,публицистика | нехудожественная,,"дневник, записные книжки",,Ближний Восток: современность,нейтральный,н-возраст,н-уровень,большая,"Александр Бовин. Пять лет среди евреев и мидовцев, или Израиль из окна российского посольства (из дневника). М., Захаров, 2000",Александр Бовин. XX век как жизнь,Захаров,2000.0,книга,ПК письменных текстов,none,156359
150,post1950/zakharov/xx/goljaxovsky/goljax,Владимир Голяховский,муж,1940-1950,Русский доктор в Америке,1984-2001,публицистика | нехудожественная,,мемуары,,Америка: современность,нейтральный,н-возраст,н-уровень,большая,"Владимир Голяховский. Русский доктор в Америке. История успеха. М.: Захаров, 2001",Владимир Голяховский. Русский доктор в Америке,Захаров,2001.0,книга,ПК письменных текстов,none,141477
151,post1950/zakharov/xx/katanjan/idoly,Василий Катанян,муж,1924,Прикосновение к идолам,1998,публицистика | нехудожественная,,мемуары,,Россия/СССР: советский период,нейтральный,н-возраст,н-уровень,большая,"Василий Катанян. Прикосновение к идолам. Воспоминания. М.: Захаров, 2002",Василий Катанян. Прикосновение к идолам. Воспоминания,Захаров,2002.0,книга,ПК письменных текстов,none,147767
152,post1950/zakharov/xx/levin/bluzhd,Борис Левин,муж,1938,Блуждающие огни,1995,художественная,документальная проза,роман,,Россия/СССР: советский период,нейтральный,н-возраст,н-уровень,большая,"Борис Левин. Инородное тело. Автобиографическая проза и поэзия. М.: Захаров, 2002",Борис Левин. Инородное тело. Автобиографическая проза и поэзия,Захаров,2002.0,книга,ПК письменных текстов,none,140111
153,post1950/zakharov/xx/lvov/dvor,Аркадий Львов,муж,1927,Двор,1981,художественная,нежанровая проза,роман,,Россия/СССР: 1930-е,нейтральный,н-возраст,н-уровень,большая,"Аркадий Львов. Двор. М.: Захаров, 2003",Аркадий Львов. Двор,Захаров,2003.0,книга,ПК письменных текстов,none,203539
154,post1950/zakharov/xx/maslenikova/menj,Зоя Масленикова,жен,1923,Жизнь отца Александра Меня,1992,публицистика | нехудожественная,,биография,,Россия/СССР: советский период,нейтральный,н-возраст,н-уровень,большая,"Зоя Масленикова. Александр Мень. Жизнь. М.: Захаров, 2002",Зоя Масленикова. Александр Мень. Жизнь,Захаров,2002.0,книга,ПК письменных текстов,none,111431
155,post1950/zakharov/xx/rubin/rubin,Евгений Рубин,муж,1947,Пан или пропал. Жизнеописание,1999-2000,публицистика | нехудожественная,,мемуары,,Россия/СССР: советский период|Америка: современность,нейтральный,н-возраст,н-уровень,большая,"Евгений Рубин. Пан или пропал! Жизнеописание. М.: Захаров, 2000",Евгений Рубин. Пан или пропал. Жизнеописание,Захаров,2000.0,книга,ПК письменных текстов,none,141565
156,post1950/zakharov/xx/voronel/bez_prik,Нина Воронель,жен,1932,Без прикрас. Воспоминания,1975-2003,публицистика | нехудожественная,,мемуары,,Россия/СССР: советский период,нейтральный,н-возраст,н-уровень,большая,"Н. Воронель. Без прикрас. Воспоминания. М.: Захаров, 2003",Н. Воронель. Без прикрас. Воспоминания,Захаров,2003.0,книга,ПК письменных текстов,none,126505
157,post1950/zhur_russru/zvezda/chizhova/chizh,Елена Чижова,жен,,Лавра,2002,художественная,нежанровая проза,роман,,Россия: постсоветский период,нейтральный,н-возраст,н-уровень,большая,"Звезда, 2002 N7-9",«Звезда»,,2002.0,журнал,ПК письменных текстов,none,118597
158,post1950/fiction_mem/makushinsky/makushinski_gorod_v_doline,Алексей Макушинский,муж,1960,Город в долине,2012,художественная,нежанровая проза,роман,,Россия/СССР: советский период|Европа: современность,нейтральный,н-возраст,н-уровень,большая,"Алексей Макушинский. Город в долине. СПб.: Алетейя, 2013",Алексей Макушинский. Город в долине,,2013.0,книга,ПК письменных текстов,none,114924
159,post1950/fiction_mem/zalygin/zalygin_komissija,Сергей Залыгин,муж,1913,Комиссия,1976,художественная,нежанровая проза,роман,,Россия: 1914-1920,нейтральный,н-возраст,н-уровень,большая,http://modernlib.ru/books/zaligin_sergey/komissiya/,,,,книга,ПК письменных текстов,none,138121
160,post1950/fiction_mem/zalygin/zalygin_solenaja_pad,Сергей Залыгин,муж,1913,Соленая Падь,1967,художественная,нежанровая проза,роман,,Россия: 1914-1920,нейтральный,н-возраст,н-уровень,большая,http://modernlib.ru/books/zaligin_sergey/solenaya_pad/,,,,книга,ПК письменных текстов,none,126818
161,post1950/orth/shmeman/shmieman_dnevniki,А. Д. Шмеман,муж,1921,Дневники,1973-1983,публицистика,,"дневник, записные книжки",религия,,нейтральный,н-возраст,н-уровень,большая,"Дневники. 1973-1983. М.: Русский путь, 2005",Дневники. 1973-1983,«Русский путь»,2005.0,книга,ПК письменных текстов,none,240836
162,post1950/fiction_mem/lipatov/i_eto_vse_o_nem,Виль Липатов,муж,1927,И это все о нем,1984,художественная,нежанровая проза,роман,,Россия/СССР: советский период,нейтральный,н-возраст,н-уровень,очень большая,"Виль Липатов. Собр. соч.: В 4-х томах. Т. 3. М.: Молодая гвардия, 1984",Виль Липатов. Собр. соч.: В 4-х томах. Т. 3,Молодая гвардия,1984.0,книга,ПК письменных текстов,none,122897
163,post1950/fiction_mem/zavershneva/vysotka,Екатерина Завершнева,жен,1971,Высотка,2012,художественная,нежанровая проза|любовная история,роман,,Россия: постсоветский период,индивидуально-авторский,н-возраст,н-уровень,большая,"Е. Завершнева. Высотка. М.: Время, 2012 http://fanread.ru/book/9454582/",Е. Завершнева. Высотка,«Время»,2012.0,книга,ПК письменных тестов,none,135839
